rank,feature_index,mutual_information
1,1691,0.21435846
2,8417,0.16901827
3,3723,0.15513869
4,11034,0.14803669
5,20235,0.109945044
6,1622,0.13075489
7,8607,0.12649547
8,18317,0.15217365
9,4548,0.151479
10,6027,0.21229304
11,25549,0.111707404
12,5927,0.18181476
13,1710,0.13279039
14,11990,0.15587103
15,25426,0.17294449
16,6346,0.12547162
17,4039,0.11001954
18,8867,0.12848172
19,18193,0.15944731
20,14978,0.1675424
21,6546,0.10584776
22,4004,0.114481084
23,8461,0.19228767
24,18728,0.14856063
25,4124,0.15053979
26,13526,0.16823147
27,26987,0.1150018
28,2053,0.12549506
29,2265,0.14830308
30,5089,0.17647064
31,21708,0.14449754
32,6250,0.13180223
33,11155,0.16542715
34,11574,0.13974693
35,2102,0.122434735
36,15691,0.13424136
37,2805,0.16725998
38,21445,0.18254441
39,22570,0.12607816
40,4025,0.10770989
41,2196,0.091287024
42,16445,0.16202559
43,6849,0.19989012
44,6189,0.13646016
45,1830,0.09505218
46,11787,0.13864787
47,27119,0.15650444
48,8746,0.15073296
49,13737,0.119298205
50,22877,0.12611343
51,9503,0.1383305
52,21986,0.17804314
53,1875,0.09417839
54,18023,0.11383755
55,15271,0.19040966
56,13238,0.09693365
57,22678,0.10724079
58,290,0.16381502
59,7469,0.20421311
60,4237,0.10712805
61,25367,0.11849324
62,13163,0.14979696
63,2241,0.113576
64,20170,0.10370591
65,6383,0.10110838
66,17975,0.110790186
67,1649,0.1718872
68,15988,0.121370815
69,17651,0.1717153
70,4277,0.10910355
71,16449,0.14432123
72,24875,0.15977336
73,9035,0.09438742
74,4267,0.11672717
75,21651,0.11702124
76,1635,0.11412037
77,1881,0.10068871
78,13329,0.10503156
79,24976,0.16372712
80,16081,0.11017453
81,3089,0.1361628
82,15942,0.14720972
83,11405,0.10574456
84,13637,0.13942617
85,14690,0.117980234
86,8471,0.108320944
87,11214,0.099262185
88,6795,0.18160832
89,4433,0.092613064
90,8237,0.19289495
91,1759,0.09078929
92,25079,0.11310546
93,20012,0.11036694
94,3091,0.16486637
95,12219,0.089542255
96,24982,0.10440773
97,4299,0.09710321
98,1700,0.10524816
99,9913,0.1525865
100,6713,0.13494906
101,11403,0.13495077
102,26143,0.11816869
103,26865,0.15266968
104,10927,0.17469282
105,14468,0.13316624
106,2064,0.07676999
107,24869,0.09988832
108,3848,0.105009906
109,15821,0.113655135
110,7674,0.120500155
111,15786,0.12913983
112,17576,0.11888693
113,11044,0.14766826
114,10778,0.10183256
115,4304,0.07925087
116,923,0.14273602
117,8552,0.13133669
118,2161,0.10699351
119,4185,0.08529532
120,4338,0.09365222
121,26533,0.12508969
122,6191,0.1564672
123,22349,0.12347568
124,15593,0.09741574
125,2220,0.082495846
126,20106,0.10994808
127,12908,0.1451667
128,17985,0.14243993
129,13642,0.13102774
130,4187,0.09751414
131,15097,0.17545551
132,6391,0.08532065
133,2035,0.083434686
134,12783,0.1270558
135,1732,0.086334705
136,5313,0.1637924
137,25170,0.1019437
138,25008,0.086147964
139,2279,0.08776716
140,5335,0.1709161
141,24797,0.13729039
142,26321,0.092925794
143,5945,0.13810071
144,1708,0.08735584
145,17382,0.1173206
146,15824,0.08541424
147,7001,0.1451259
148,6217,0.15488032
149,1609,0.08229754
150,11158,0.10211706
151,3832,0.14178166
152,13091,0.12025842
153,1953,0.079408586
154,10932,0.1044772
155,15941,0.16758603
156,6176,0.09800972
157,1895,0.09254087
158,6871,0.16776893
159,13095,0.120307714
160,2306,0.1376986
161,17401,0.16157618
162,20264,0.1002892
163,4284,0.085062064
164,20386,0.09231693
165,9105,0.092567205
166,1826,0.116098166
167,22364,0.10257539
168,3709,0.1268098
169,14784,0.13379517
170,3993,0.082181506
171,15743,0.14929286
172,18423,0.12916379
173,9184,0.09741178
174,294,0.109854884
175,15532,0.12853369
176,15921,0.095709145
177,2223,0.07276381
178,20893,0.11384805
179,3475,0.15445608
180,4058,0.080483496
181,20813,0.10462612
182,24949,0.1090755
183,11050,0.09943406
184,1866,0.08994964
185,18133,0.11947044
186,16553,0.12703782
187,4246,0.070883684
188,15668,0.11246022
189,22655,0.16811813
190,1553,0.08230471
191,20224,0.10514135
192,6103,0.15841533
193,1597,0.08986815
194,493,0.120398186
195,4523,0.09438199
196,2207,0.086225584
197,20794,0.13657773
198,9119,0.10453565
199,24707,0.08048823
200,6621,0.110597834
201,20174,0.094266586
202,10840,0.12140335
203,3769,0.10200175
204,27194,0.09983121
205,1633,0.08567306
206,20354,0.16240163
207,3892,0.100006714
208,5573,0.09857932
209,4401,0.11222907
210,2765,0.11296604
211,18351,0.10416148
212,13331,0.121283606
213,22798,0.09834437
214,22708,0.11216445
215,6786,0.08281421
216,12828,0.12559456
217,17217,0.14770032
218,1983,0.08822725
219,2106,0.1330611
220,13941,0.12590924
221,13444,0.11638461
222,6754,0.115617245
223,5186,0.13786192
224,4368,0.08075039
225,20365,0.13076685
226,20003,0.10251298
227,21655,0.0791268
228,2226,0.079215854
229,2293,0.074097306
230,13654,0.15283026
231,4216,0.07751548
232,6120,0.11272858
233,21960,0.09962382
234,6695,0.11537081
235,15479,0.08950185
236,11502,0.12621643
237,21686,0.12124743
238,1892,0.08003882
239,17681,0.12151064
240,8337,0.11312973
241,347,0.11828897
242,17824,0.09613367
243,6356,0.1370544
244,6420,0.095290646
245,21729,0.12525274
246,22780,0.09821605
247,15423,0.11311197
248,4084,0.103676036
249,1958,0.06934909
250,24644,0.11478242
251,14952,0.09739461
252,4549,0.15031989
253,11215,0.08415021
254,22315,0.15288569
255,4439,0.08811686
256,17873,0.12202263
257,121,0.13395491
258,24596,0.09354249
259,16880,0.09665896
260,4040,0.12605254
261,17672,0.12737727
262,6366,0.11417952
263,4199,0.08656898
264,8955,0.07519973
265,5061,0.109747134
266,25890,0.09206873
267,4583,0.07471006
268,4198,0.082471676
269,4273,0.06937531
270,18535,0.13292453
271,22381,0.16058934
272,1897,0.07390588
273,24654,0.10274696
274,2291,0.0799642
275,18396,0.16483554
276,4008,0.14460018
277,16326,0.116792925
278,16095,0.08561577
279,6413,0.07342467
280,18153,0.089774214
281,15782,0.12936054
282,6829,0.07423138
283,8880,0.13280384
284,24865,0.073990025
285,2296,0.08151491
286,485,0.11593075
287,8613,0.12782286
288,1799,0.07233263
289,12160,0.11132807
290,11243,0.12797414
291,10985,0.10331183
292,16039,0.13897495
293,1632,0.07998555
294,27575,0.12056402
295,22922,0.078652374
296,4231,0.06833008
297,1520,0.11456124
298,17741,0.07963269
299,6847,0.10306136
300,19260,0.10272029
301,3975,0.14783092
302,16870,0.1310621
303,27181,0.08920013
304,25790,0.09075349
305,4098,0.10310775
306,10960,0.07820033
307,8671,0.13284808
308,1391,0.124129534
309,513,0.11322521
310,4201,0.07905703
311,15016,0.11128327
312,13438,0.14654112
313,20914,0.08556731
314,15634,0.09553877
315,9185,0.144922
316,4587,0.07424752
317,6112,0.11701151
318,22518,0.07569279
319,20459,0.0811461
320,1846,0.062821165
321,345,0.11294442
322,27089,0.08848742
323,24771,0.102794245
324,23550,0.118008815
325,3981,0.0736813
326,14396,0.106888145
327,15476,0.09937974
328,6516,0.07878414
329,6336,0.094306685
330,21026,0.1363299
331,10833,0.094357155
332,4394,0.067105554
333,2203,0.07441729
334,8331,0.117807426
335,15566,0.08843806
336,14275,0.15389475
337,1902,0.1190012
338,97,0.120286204
339,22590,0.092073284
340,19934,0.109407455
341,1838,0.07353699
342,26962,0.093586236
343,3810,0.11398515
344,2278,0.07041403
345,11408,0.12641883
346,22673,0.08522164
347,14636,0.099880196
348,22496,0.074188754
349,22706,0.086735636
350,4968,0.14038874
351,11163,0.10483964
352,15724,0.12633775
353,6158,0.06364292
354,4987,0.119187325
355,20124,0.077715054
356,746,0.113275684
357,22863,0.08771445
358,4419,0.06445144
359,3876,0.1093994
360,18190,0.11572263
361,3983,0.0575804
362,312,0.1122168
363,20315,0.12958105
364,3961,0.09969017
365,4778,0.13486454
366,14141,0.108529896
367,13262,0.09818519
368,18050,0.15857635
369,23531,0.12379016
370,11501,0.091735415
371,2256,0.0765526
372,20514,0.093166366
373,23875,0.12509185
374,11250,0.0877522
375,6291,0.12194929
376,20853,0.1019941
377,14364,0.14862747
378,3864,0.07792357
379,4639,0.12156721
380,4526,0.08012833
381,25015,0.11781203
382,26976,0.07245638
383,1628,0.076129414
384,1911,0.07841509
