rank,feature_index,mutual_information,layer_index,aggregation_component,within_component_dim
1,1691,0.21435846,1,mean,155
2,8417,0.16901827,4,min,737
3,3723,0.15513869,2,min,651
4,11034,0.14803669,5,mean,282
5,20235,0.109945044,9,mean,267
6,1622,0.13075489,1,mean,86
7,8607,0.12649547,4,mean,159
8,18317,0.15217365,8,mean,653
9,4548,0.151479,2,mean,708
10,6027,0.21229304,3,min,651
11,25549,0.111707404,12,max,205
12,5927,0.18181476,3,min,551
13,1710,0.13279039,1,mean,174
14,11990,0.15587103,6,max,470
15,25426,0.17294449,12,max,82
16,6346,0.12547162,3,mean,202
17,4039,0.11001954,2,mean,199
18,8867,0.12848172,4,mean,419
19,18193,0.15944731,8,mean,529
20,14978,0.1675424,7,min,386
21,6546,0.10584776,3,mean,402
22,4004,0.114481084,2,mean,164
23,8461,0.19228767,4,mean,13
24,18728,0.14856063,9,max,296
25,4124,0.15053979,2,mean,284
26,13526,0.16823147,6,mean,470
27,26987,0.1150018,12,mean,107
28,2053,0.12549506,1,mean,517
29,2265,0.14830308,1,mean,729
30,5089,0.17647064,3,max,481
31,21708,0.14449754,10,min,204
32,6250,0.13180223,3,mean,106
33,11155,0.16542715,5,mean,403
34,11574,0.13974693,6,max,54
35,2102,0.122434735,1,mean,566
36,15691,0.13424136,7,mean,331
37,2805,0.16725998,2,max,501
38,21445,0.18254441,10,max,709
39,22570,0.12607816,10,mean,298
40,4025,0.10770989,2,mean,185
41,2196,0.091287024,1,mean,660
42,16445,0.16202559,8,max,317
43,6849,0.19989012,3,mean,705
44,6189,0.13646016,3,mean,45
45,1830,0.09505218,1,mean,294
46,11787,0.13864787,6,max,267
47,27119,0.15650444,12,mean,239
48,8746,0.15073296,4,mean,298
49,13737,0.119298205,6,mean,681
50,22877,0.12611343,10,mean,605
51,9503,0.1383305,5,max,287
52,21986,0.17804314,10,min,482
53,1875,0.09417839,1,mean,339
54,18023,0.11383755,8,mean,359
55,15271,0.19040966,7,min,679
56,13238,0.09693365,6,mean,182
57,22678,0.10724079,10,mean,406
58,290,0.16381502,1,max,290
59,7469,0.20421311,4,max,557
60,4237,0.10712805,2,mean,397
61,25367,0.11849324,12,max,23
62,13163,0.14979696,6,mean,107
63,2241,0.113576,1,mean,705
64,20170,0.10370591,9,mean,202
65,6383,0.10110838,3,mean,239
66,17975,0.110790186,8,mean,311
67,1649,0.1718872,1,mean,113
68,15988,0.121370815,7,mean,628
69,17651,0.1717153,8,min,755
70,4277,0.10910355,2,mean,437
71,16449,0.14432123,8,max,321
72,24875,0.15977336,11,mean,299
73,9035,0.09438742,4,mean,587
74,4267,0.11672717,2,mean,427
75,21651,0.11702124,10,min,147
76,1635,0.11412037,1,mean,99
77,1881,0.10068871,1,mean,345
78,13329,0.10503156,6,mean,273
79,24976,0.16372712,11,mean,400
80,16081,0.11017453,7,mean,721
81,3089,0.1361628,2,min,17
82,15942,0.14720972,7,mean,582
83,11405,0.10574456,5,mean,653
84,13637,0.13942617,6,mean,581
85,14690,0.117980234,7,min,98
86,8471,0.108320944,4,mean,23
87,11214,0.099262185,5,mean,462
88,6795,0.18160832,3,mean,651
89,4433,0.092613064,2,mean,593
90,8237,0.19289495,4,min,557
91,1759,0.09078929,1,mean,223
92,25079,0.11310546,11,mean,503
93,20012,0.11036694,9,mean,44
94,3091,0.16486637,2,min,19
95,12219,0.089542255,6,max,699
96,24982,0.10440773,11,mean,406
97,4299,0.09710321,2,mean,459
98,1700,0.10524816,1,mean,164
99,9913,0.1525865,5,max,697
100,6713,0.13494906,3,mean,569
101,11403,0.13495077,5,mean,651
102,26143,0.11816869,12,min,31
103,26865,0.15266968,12,min,753
104,10927,0.17469282,5,mean,175
105,14468,0.13316624,7,max,644
106,2064,0.07676999,1,mean,528
107,24869,0.09988832,11,mean,293
108,3848,0.105009906,2,mean,8
109,15821,0.113655135,7,mean,461
110,7674,0.120500155,4,max,762
111,15786,0.12913983,7,mean,426
112,17576,0.11888693,8,min,680
113,11044,0.14766826,5,mean,292
114,10778,0.10183256,5,mean,26
115,4304,0.07925087,2,mean,464
116,923,0.14273602,1,min,155
117,8552,0.13133669,4,mean,104
118,2161,0.10699351,1,mean,625
119,4185,0.08529532,2,mean,345
120,4338,0.09365222,2,mean,498
121,26533,0.12508969,12,min,421
122,6191,0.1564672,3,mean,47
123,22349,0.12347568,10,mean,77
124,15593,0.09741574,7,mean,233
125,2220,0.082495846,1,mean,684
126,20106,0.10994808,9,mean,138
127,12908,0.1451667,6,min,620
128,17985,0.14243993,8,mean,321
129,13642,0.13102774,6,mean,586
130,4187,0.09751414,2,mean,347
131,15097,0.17545551,7,min,505
132,6391,0.08532065,3,mean,247
133,2035,0.083434686,1,mean,499
134,12783,0.1270558,6,min,495
135,1732,0.086334705,1,mean,196
136,5313,0.1637924,3,max,705
137,25170,0.1019437,11,mean,594
138,25008,0.086147964,11,mean,432
139,2279,0.08776716,1,mean,743
140,5335,0.1709161,3,max,727
141,24797,0.13729039,11,mean,221
142,26321,0.092925794,12,min,209
143,5945,0.13810071,3,min,569
144,1708,0.08735584,1,mean,172
145,17382,0.1173206,8,min,486
146,15824,0.08541424,7,mean,464
147,7001,0.1451259,4,max,89
148,6217,0.15488032,3,mean,73
149,1609,0.08229754,1,mean,73
150,11158,0.10211706,5,mean,406
151,3832,0.14178166,2,min,760
152,13091,0.12025842,6,mean,35
153,1953,0.079408586,1,mean,417
154,10932,0.1044772,5,mean,180
155,15941,0.16758603,7,mean,581
156,6176,0.09800972,3,mean,32
157,1895,0.09254087,1,mean,359
158,6871,0.16776893,3,mean,727
159,13095,0.120307714,6,mean,39
160,2306,0.1376986,2,max,2
161,17401,0.16157618,8,min,505
162,20264,0.1002892,9,mean,296
163,4284,0.085062064,2,mean,444
164,20386,0.09231693,9,mean,418
165,9105,0.092567205,4,mean,657
166,1826,0.116098166,1,mean,290
167,22364,0.10257539,10,mean,92
168,3709,0.1268098,2,min,637
169,14784,0.13379517,7,min,192
170,3993,0.082181506,2,mean,153
171,15743,0.14929286,7,mean,383
172,18423,0.12916379,8,mean,759
173,9184,0.09741178,4,mean,736
174,294,0.109854884,1,max,294
175,15532,0.12853369,7,mean,172
176,15921,0.095709145,7,mean,561
177,2223,0.07276381,1,mean,687
178,20893,0.11384805,10,max,157
179,3475,0.15445608,2,min,403
180,4058,0.080483496,2,mean,218
181,20813,0.10462612,10,max,77
182,24949,0.1090755,11,mean,373
183,11050,0.09943406,5,mean,298
184,1866,0.08994964,1,mean,330
185,18133,0.11947044,8,mean,469
186,16553,0.12703782,8,max,425
187,4246,0.070883684,2,mean,406
188,15668,0.11246022,7,mean,308
189,22655,0.16811813,10,mean,383
190,1553,0.08230471,1,mean,17
191,20224,0.10514135,9,mean,256
192,6103,0.15841533,3,min,727
193,1597,0.08986815,1,mean,61
194,493,0.120398186,1,max,493
195,4523,0.09438199,2,mean,683
196,2207,0.086225584,1,mean,671
197,20794,0.13657773,10,max,58
198,9119,0.10453565,4,mean,671
199,24707,0.08048823,11,mean,131
200,6621,0.110597834,3,mean,477
201,20174,0.094266586,9,mean,206
202,10840,0.12140335,5,mean,88
203,3769,0.10200175,2,min,697
204,27194,0.09983121,12,mean,314
205,1633,0.08567306,1,mean,97
206,20354,0.16240163,9,mean,386
207,3892,0.100006714,2,mean,52
208,5573,0.09857932,3,min,197
209,4401,0.11222907,2,mean,561
210,2765,0.11296604,2,max,461
211,18351,0.10416148,8,mean,687
212,13331,0.121283606,6,mean,275
213,22798,0.09834437,10,mean,526
214,22708,0.11216445,10,mean,436
215,6786,0.08281421,3,mean,642
216,12828,0.12559456,6,min,540
217,17217,0.14770032,8,min,321
218,1983,0.08822725,1,mean,447
219,2106,0.1330611,1,mean,570
220,13941,0.12590924,7,max,117
221,13444,0.11638461,6,mean,388
222,6754,0.115617245,3,mean,610
223,5186,0.13786192,3,max,578
224,4368,0.08075039,2,mean,528
225,20365,0.13076685,9,mean,397
226,20003,0.10251298,9,mean,35
227,21655,0.0791268,10,min,151
228,2226,0.079215854,1,mean,690
229,2293,0.074097306,1,mean,757
230,13654,0.15283026,6,mean,598
231,4216,0.07751548,2,mean,376
232,6120,0.11272858,3,min,744
233,21960,0.09962382,10,min,456
234,6695,0.11537081,3,mean,551
235,15479,0.08950185,7,mean,119
236,11502,0.12621643,5,mean,750
237,21686,0.12124743,10,min,182
238,1892,0.08003882,1,mean,356
239,17681,0.12151064,8,mean,17
240,8337,0.11312973,4,min,657
241,347,0.11828897,1,max,347
242,17824,0.09613367,8,mean,160
243,6356,0.1370544,3,mean,212
244,6420,0.095290646,3,mean,276
245,21729,0.12525274,10,min,225
246,22780,0.09821605,10,mean,508
247,15423,0.11311197,7,mean,63
248,4084,0.103676036,2,mean,244
249,1958,0.06934909,1,mean,422
250,24644,0.11478242,11,mean,68
251,14952,0.09739461,7,min,360
252,4549,0.15031989,2,mean,709
253,11215,0.08415021,5,mean,463
254,22315,0.15288569,10,mean,43
255,4439,0.08811686,2,mean,599
256,17873,0.12202263,8,mean,209
257,121,0.13395491,1,max,121
258,24596,0.09354249,11,mean,20
259,16880,0.09665896,8,max,752
260,4040,0.12605254,2,mean,200
261,17672,0.12737727,8,mean,8
262,6366,0.11417952,3,mean,222
263,4199,0.08656898,2,mean,359
264,8955,0.07519973,4,mean,507
265,5061,0.109747134,3,max,453
266,25890,0.09206873,12,max,546
267,4583,0.07471006,2,mean,743
268,4198,0.082471676,2,mean,358
269,4273,0.06937531,2,mean,433
270,18535,0.13292453,9,max,103
271,22381,0.16058934,10,mean,109
272,1897,0.07390588,1,mean,361
273,24654,0.10274696,11,mean,78
274,2291,0.0799642,1,mean,755
275,18396,0.16483554,8,mean,732
276,4008,0.14460018,2,mean,168
277,16326,0.116792925,8,max,198
278,16095,0.08561577,7,mean,735
279,6413,0.07342467,3,mean,269
280,18153,0.089774214,8,mean,489
281,15782,0.12936054,7,mean,422
282,6829,0.07423138,3,mean,685
283,8880,0.13280384,4,mean,432
284,24865,0.073990025,11,mean,289
285,2296,0.08151491,1,mean,760
286,485,0.11593075,1,max,485
287,8613,0.12782286,4,mean,165
288,1799,0.07233263,1,mean,263
289,12160,0.11132807,6,max,640
290,11243,0.12797414,5,mean,491
291,10985,0.10331183,5,mean,233
292,16039,0.13897495,7,mean,679
293,1632,0.07998555,1,mean,96
294,27575,0.12056402,12,mean,695
295,22922,0.078652374,10,mean,650
296,4231,0.06833008,2,mean,391
297,1520,0.11456124,1,min,752
298,17741,0.07963269,8,mean,77
299,6847,0.10306136,3,mean,703
300,19260,0.10272029,9,min,60
301,3975,0.14783092,2,mean,135
302,16870,0.1310621,8,max,742
303,27181,0.08920013,12,mean,301
304,25790,0.09075349,12,max,446
305,4098,0.10310775,2,mean,258
306,10960,0.07820033,5,mean,208
307,8671,0.13284808,4,mean,223
308,1391,0.124129534,1,min,623
309,513,0.11322521,1,max,513
310,4201,0.07905703,2,mean,361
311,15016,0.11128327,7,min,424
312,13438,0.14654112,6,mean,382
313,20914,0.08556731,10,max,178
314,15634,0.09553877,7,mean,274
315,9185,0.144922,4,mean,737
316,4587,0.07424752,2,mean,747
317,6112,0.11701151,3,min,736
318,22518,0.07569279,10,mean,246
319,20459,0.0811461,9,mean,491
320,1846,0.062821165,1,mean,310
321,345,0.11294442,1,max,345
322,27089,0.08848742,12,mean,209
323,24771,0.102794245,11,mean,195
324,23550,0.118008815,11,max,510
325,3981,0.0736813,2,mean,141
326,14396,0.106888145,7,max,572
327,15476,0.09937974,7,mean,116
328,6516,0.07878414,3,mean,372
329,6336,0.094306685,3,mean,192
330,21026,0.1363299,10,max,290
331,10833,0.094357155,5,mean,81
332,4394,0.067105554,2,mean,554
333,2203,0.07441729,1,mean,667
334,8331,0.117807426,4,min,651
335,15566,0.08843806,7,mean,206
336,14275,0.15389475,7,max,451
337,1902,0.1190012,1,mean,366
338,97,0.120286204,1,max,97
339,22590,0.092073284,10,mean,318
340,19934,0.109407455,9,min,734
341,1838,0.07353699,1,mean,302
342,26962,0.093586236,12,mean,82
343,3810,0.11398515,2,min,738
344,2278,0.07041403,1,mean,742
345,11408,0.12641883,5,mean,656
346,22673,0.08522164,10,mean,401
347,14636,0.099880196,7,min,44
348,22496,0.074188754,10,mean,224
349,22706,0.086735636,10,mean,434
350,4968,0.14038874,3,max,360
351,11163,0.10483964,5,mean,411
352,15724,0.12633775,7,mean,364
353,6158,0.06364292,3,mean,14
354,4987,0.119187325,3,max,379
355,20124,0.077715054,9,mean,156
356,746,0.113275684,1,max,746
357,22863,0.08771445,10,mean,591
358,4419,0.06445144,2,mean,579
359,3876,0.1093994,2,mean,36
360,18190,0.11572263,8,mean,526
361,3983,0.0575804,2,mean,143
362,312,0.1122168,1,max,312
363,20315,0.12958105,9,mean,347
364,3961,0.09969017,2,mean,121
365,4778,0.13486454,3,max,170
366,14141,0.108529896,7,max,317
367,13262,0.09818519,6,mean,206
368,18050,0.15857635,8,mean,386
369,23531,0.12379016,11,max,491
370,11501,0.091735415,5,mean,749
371,2256,0.0765526,1,mean,720
372,20514,0.093166366,9,mean,546
373,23875,0.12509185,11,min,67
374,11250,0.0877522,5,mean,498
375,6291,0.12194929,3,mean,147
376,20853,0.1019941,10,max,117
377,14364,0.14862747,7,max,540
378,3864,0.07792357,2,mean,24
379,4639,0.12156721,3,max,31
380,4526,0.08012833,2,mean,686
381,25015,0.11781203,11,mean,439
382,26976,0.07245638,12,mean,96
383,1628,0.076129414,1,mean,92
384,1911,0.07841509,1,mean,375
