bildname;roi_nummer;label
C:\anomalydino_data_single_object_normalmap\normalmap\test\good\2026_03_11-09_23_27-388.png;roi0;
C:\anomalydino_data_single_object_normalmap\normalmap\test\good\2026_03_11-09_23_27-388.png;roi1;
C:\anomalydino_data_single_object_normalmap\normalmap\test\good\2026_03_11-09_29_27-472.png;roi0;
C:\anomalydino_data_single_object_normalmap\normalmap\test\good\2026_03_11-09_29_27-472.png;roi1;
C:\anomalydino_data_single_object_normalmap\normalmap\test\good\2026_03_11-09_29_27-472.png;roi2;
C:\anomalydino_data_single_object_normalmap\normalmap\test\good\2026_03_11-09_29_27-472.png;roi3;
C:\anomalydino_data_single_object_normalmap\normalmap\test\good\2026_03_11-09_29_27-472.png;roi4;
C:\anomalydino_data_single_object_normalmap\normalmap\test\good\2026_03_19-08_20_28-873.png;roi0;
C:\anomalydino_data_single_object_normalmap\normalmap\test\good\2026_03_19-08_20_41-797.png;roi0;
C:\anomalydino_data_single_object_normalmap\normalmap\test\good\2026_03_19-09_02_47-896.png;roi0;
C:\anomalydino_data_single_object_normalmap\normalmap\test\good\2026_03_19-09_03_43-007.png;roi0;
C:\anomalydino_data_single_object_normalmap\normalmap\test\good\2026_03_19-09_06_49-517.png;roi0;
C:\anomalydino_data_single_object_normalmap\normalmap\test\good\2026_03_19-09_07_44-151.png;roi0;
C:\anomalydino_data_single_object_normalmap\normalmap\test\good\2026_03_19-09_08_23-792.png;roi0;
C:\anomalydino_data_single_object_normalmap\normalmap\test\good\2026_03_19-09_08_23-792.png;roi1;
C:\anomalydino_data_single_object_normalmap\normalmap\test\good\2026_03_19-09_08_23-792.png;roi2;
C:\anomalydino_data_single_object_normalmap\normalmap\train\good\2026_03_19-08_24_35-638.png;roi0;
C:\anomalydino_data_single_object_normalmap\normalmap\train\good\2026_03_19-08_26_10-588.png;roi0;
C:\anomalydino_data_single_object_normalmap\normalmap\train\good\2026_03_19-08_27_25-786.png;roi0;
C:\anomalydino_data_single_object_normalmap\normalmap\train\good\2026_03_19-08_28_00-244.png;roi0;
C:\anomalydino_data_single_object_normalmap\normalmap\train\good\2026_03_19-08_28_13-871.png;roi0;
C:\anomalydino_data_single_object_normalmap\normalmap\train\good\2026_03_19-08_28_21-442.png;roi0;
C:\anomalydino_data_single_object_normalmap\normalmap\train\good\2026_03_19-08_28_41-132.png;roi0;
C:\anomalydino_data_single_object_normalmap\normalmap\train\good\2026_03_19-08_28_41-132.png;roi1;
C:\anomalydino_data_single_object_normalmap\normalmap\train\good\2026_03_19-08_28_55-003.png;roi0;
C:\anomalydino_data_single_object_normalmap\normalmap\train\good\2026_03_19-08_59_06-584.png;roi0;
C:\anomalydino_data_single_object_normalmap\normalmap\train\good\2026_03_19-09_06_28-862.png;roi0;
C:\anomalydino_data_single_object_normalmap\normalmap\train\good\2026_03_19-09_06_28-862.png;roi1;
C:\anomalydino_data_single_object_normalmap\normalmap\train\good\2026_03_19-09_08_03-930.png;roi0;
C:\anomalydino_data_single_object_normalmap\normalmap\train\good\2026_03_19-11_35_34-501.png;roi0;
C:\anomalydino_data_single_object_normalmap\normalmap\train\good\2026_03_19-11_35_34-501.png;roi1;
C:\anomalydino_data_single_object_normalmap\normalmap\train\good\2026_03_19-11_37_08-701.png;roi0;
C:\anomalydino_data_single_object_normalmap\normalmap\train\good\2026_03_19-11_37_08-701.png;roi1;
C:\anomalydino_data_single_object_normalmap\normalmap\train\good\2026_03_19-11_39_09-591.png;roi0;
C:\anomalydino_data_single_object_normalmap\normalmap\train\good\2026_03_19-11_39_09-591.png;roi1;
C:\anomalydino_data_single_object_normalmap\normalmap\train\good\2026_03_19-11_39_57-236.png;roi0;
C:\anomalydino_data_single_object_normalmap\normalmap\train\good\2026_03_19-11_39_57-236.png;roi1;
C:\anomalydino_data_single_object_normalmap\normalmap\train\good\2026_03_19-11_40_23-751.png;roi0;
C:\anomalydino_data_single_object_normalmap\normalmap\train\good\2026_03_19-11_40_23-751.png;roi1;
C:\anomalydino_data_single_object_normalmap\normalmap\train\good\2026_03_19-11_40_57-461.png;roi0;
C:\anomalydino_data_single_object_normalmap\normalmap\train\good\2026_03_19-11_41_30-475.png;roi0;
C:\anomalydino_data_single_object_normalmap\normalmap\train\good\2026_03_19-11_41_30-475.png;roi1;
C:\anomalydino_data_single_object_normalmap\normalmap\train\good\2026_03_19-11_41_30-475.png;roi2;
C:\anomalydino_data_single_object_normalmap\normalmap\train\good\2026_03_19-11_42_20-596.png;roi0;
C:\anomalydino_data_single_object_normalmap\normalmap\train\good\2026_03_19-11_42_20-596.png;roi1;
C:\anomalydino_data_single_object_normalmap\normalmap\train\good\2026_03_19-11_42_27-170.png;roi0;
C:\anomalydino_data_single_object_normalmap\normalmap\train\good\2026_03_19-11_42_41-197.png;roi0;
C:\anomalydino_data_single_object_normalmap\normalmap\train\good\2026_03_19-11_42_41-197.png;roi1;
C:\anomalydino_data_single_object_normalmap\normalmap\train\good\2026_03_19-11_42_41-197.png;roi2;
C:\anomalydino_data_single_object_normalmap\normalmap\train\good\2026_03_20-00_05_55-997.png;roi0;
C:\anomalydino_data_single_object_normalmap\normalmap\train\good\2026_03_20-00_07_03-508.png;roi0;
C:\anomalydino_data_single_object_normalmap\normalmap\train\good\2026_03_20-00_07_03-508.png;roi1;
C:\anomalydino_data_single_object_normalmap\normalmap\train\good\2026_03_20-00_07_03-508.png;roi2;
C:\anomalydino_data_single_object_normalmap\normalmap\train\good\2026_03_20-00_08_33-850.png;roi0;
C:\anomalydino_data_single_object_normalmap\normalmap\train\good\2026_03_20-00_08_33-850.png;roi1;
C:\anomalydino_data_single_object_normalmap\normalmap\train\good\2026_03_20-00_08_33-850.png;roi2;
C:\anomalydino_data_single_object_normalmap\normalmap\train\good\2026_03_20-00_08_41-093.png;roi0;
C:\anomalydino_data_single_object_normalmap\normalmap\train\good\2026_03_20-00_10_08-963.png;roi0;
C:\anomalydino_data_single_object_normalmap\normalmap\train\good\2026_03_20-00_11_16-964.png;roi0;
C:\anomalydino_data_single_object_normalmap\normalmap\train\good\2026_03_20-00_11_16-964.png;roi1;
C:\anomalydino_data_single_object_normalmap\normalmap\train\good\2026_03_20-00_11_23-369.png;roi0;
C:\anomalydino_data_single_object_normalmap\normalmap\train\good\2026_03_20-00_11_23-369.png;roi1;
C:\anomalydino_data_single_object_normalmap\normalmap\train\good\2026_03_20-00_11_23-369.png;roi2;
C:\anomalydino_data_single_object_normalmap\normalmap\train\good\2026_03_20-00_11_36-272.png;roi0;
C:\anomalydino_data_single_object_normalmap\normalmap\train\good\2026_03_20-00_11_36-272.png;roi1;
C:\anomalydino_data_single_object_normalmap\normalmap\train\good\2026_03_20-00_11_36-272.png;roi2;
C:\anomalydino_data_single_object_normalmap\normalmap\train\good\2026_03_20-00_11_36-272.png;roi3;
C:\anomalydino_data_single_object_normalmap\normalmap\train\good\2026_03_20-00_12_03-437.png;roi0;
C:\anomalydino_data_single_object_normalmap\normalmap\train\good\2026_03_20-00_12_03-437.png;roi1;
C:\anomalydino_data_single_object_normalmap\normalmap\train\good\2026_03_20-00_13_04-765.png;roi0;
C:\anomalydino_data_single_object_normalmap\normalmap\train\good\2026_03_20-00_13_04-765.png;roi1;
C:\anomalydino_data_single_object_normalmap\normalmap\train\good\2026_03_20-00_13_11-500.png;roi0;
C:\anomalydino_data_single_object_normalmap\normalmap\train\good\2026_03_20-00_13_11-500.png;roi1;
C:\anomalydino_data_single_object_normalmap\normalmap\train\good\2026_03_20-00_13_38-595.png;roi0;
C:\anomalydino_data_single_object_normalmap\normalmap\train\good\2026_03_20-00_13_58-838.png;roi0;
C:\anomalydino_data_single_object_normalmap\normalmap\train\good\2026_03_20-00_13_58-838.png;roi1;
C:\anomalydino_data_single_object_normalmap\normalmap\train\good\2026_03_20-00_13_58-838.png;roi2;
C:\anomalydino_data_single_object_normalmap\normalmap\train\good\2026_03_20-00_14_20-504.png;roi0;
C:\anomalydino_data_single_object_normalmap\normalmap\train\good\2026_03_20-00_14_20-504.png;roi1;
C:\anomalydino_data_single_object_normalmap\normalmap\train\good\2026_03_20-00_14_27-555.png;roi0;
C:\anomalydino_data_single_object_normalmap\normalmap\train\good\2026_03_20-00_14_43-099.png;roi0;
C:\anomalydino_data_single_object_normalmap\normalmap\train\good\2026_03_20-00_39_31-818.png;roi0;
C:\anomalydino_data_single_object_normalmap\normalmap\train\good\2026_03_20-00_40_00-079.png;roi0;
C:\anomalydino_data_single_object_normalmap\normalmap\train\good\2026_03_20-00_41_46-415.png;roi0;
C:\anomalydino_data_single_object_normalmap\normalmap\train\good\2026_03_20-00_44_17-714.png;roi0;
C:\anomalydino_data_single_object_normalmap\normalmap\train\good\2026_03_20-00_44_17-714.png;roi1;
C:\anomalydino_data_single_object_normalmap\normalmap\test\bad\2D und 3D\2026_03_11-09_22_29-392.png;roi0;
C:\anomalydino_data_single_object_normalmap\normalmap\test\bad\2D und 3D\2026_03_11-09_22_29-392.png;roi1;
C:\anomalydino_data_single_object_normalmap\normalmap\test\bad\2D und 3D\2026_03_11-09_22_29-392.png;roi2;
C:\anomalydino_data_single_object_normalmap\normalmap\test\bad\2D und 3D\2026_03_11-09_22_29-392.png;roi3;
C:\anomalydino_data_single_object_normalmap\normalmap\test\bad\2D und 3D\2026_03_11-09_22_29-392.png;roi4;
C:\anomalydino_data_single_object_normalmap\normalmap\test\bad\2D und 3D\2026_03_11-09_22_29-392.png;roi5;
C:\anomalydino_data_single_object_normalmap\normalmap\test\bad\2D und 3D\2026_03_11-09_22_29-392.png;roi6;
C:\anomalydino_data_single_object_normalmap\normalmap\test\bad\2D und 3D\2026_03_11-09_22_29-392.png;roi7;
C:\anomalydino_data_single_object_normalmap\normalmap\test\bad\2D und 3D\2026_03_11-09_22_29-392.png;roi8;
C:\anomalydino_data_single_object_normalmap\normalmap\test\bad\2D und 3D\2026_03_11-09_22_29-392.png;roi9;
C:\anomalydino_data_single_object_normalmap\normalmap\test\bad\2D und 3D\2026_03_11-09_22_29-392.png;roi10;
C:\anomalydino_data_single_object_normalmap\normalmap\test\bad\2D und 3D\2026_03_11-09_22_29-392.png;roi11;
C:\anomalydino_data_single_object_normalmap\normalmap\test\bad\2D und 3D\2026_03_11-09_23_07-146.png;roi0;
C:\anomalydino_data_single_object_normalmap\normalmap\test\bad\2D und 3D\2026_03_11-09_23_07-146.png;roi1;
C:\anomalydino_data_single_object_normalmap\normalmap\test\bad\2D und 3D\2026_03_11-09_23_14-534.png;roi0;
C:\anomalydino_data_single_object_normalmap\normalmap\test\bad\2D und 3D\2026_03_11-09_23_14-534.png;roi1;
C:\anomalydino_data_single_object_normalmap\normalmap\test\bad\2D und 3D\2026_03_11-09_23_14-534.png;roi2;
C:\anomalydino_data_single_object_normalmap\normalmap\test\bad\2D und 3D\2026_03_11-09_23_14-534.png;roi3;
C:\anomalydino_data_single_object_normalmap\normalmap\test\bad\2D und 3D\2026_03_11-09_23_14-534.png;roi4;
C:\anomalydino_data_single_object_normalmap\normalmap\test\bad\2D und 3D\2026_03_11-09_23_14-534.png;roi5;
C:\anomalydino_data_single_object_normalmap\normalmap\test\bad\2D und 3D\2026_03_11-09_23_33-840.png;roi0;
C:\anomalydino_data_single_object_normalmap\normalmap\test\bad\2D und 3D\2026_03_11-09_23_33-840.png;roi1;
C:\anomalydino_data_single_object_normalmap\normalmap\test\bad\2D und 3D\2026_03_11-09_23_33-840.png;roi2;
C:\anomalydino_data_single_object_normalmap\normalmap\test\bad\2D und 3D\2026_03_11-09_24_00-261.png;roi0;
C:\anomalydino_data_single_object_normalmap\normalmap\test\bad\2D und 3D\2026_03_11-09_24_00-261.png;roi1;
C:\anomalydino_data_single_object_normalmap\normalmap\test\bad\2D und 3D\2026_03_11-09_24_00-261.png;roi2;
C:\anomalydino_data_single_object_normalmap\normalmap\test\bad\2D und 3D\2026_03_11-09_24_00-261.png;roi3;
C:\anomalydino_data_single_object_normalmap\normalmap\test\bad\2D und 3D\2026_03_11-09_24_00-261.png;roi4;
C:\anomalydino_data_single_object_normalmap\normalmap\test\bad\2D und 3D\2026_03_11-09_24_00-261.png;roi5;
C:\anomalydino_data_single_object_normalmap\normalmap\test\bad\2D und 3D\2026_03_11-09_24_00-261.png;roi6;
C:\anomalydino_data_single_object_normalmap\normalmap\test\bad\2D und 3D\2026_03_11-09_24_00-261.png;roi7;
C:\anomalydino_data_single_object_normalmap\normalmap\test\bad\2D und 3D\2026_03_11-09_24_00-261.png;roi8;
C:\anomalydino_data_single_object_normalmap\normalmap\test\bad\2D und 3D\2026_03_11-09_24_08-031.png;roi0;
C:\anomalydino_data_single_object_normalmap\normalmap\test\bad\2D und 3D\2026_03_11-09_24_08-031.png;roi1;
C:\anomalydino_data_single_object_normalmap\normalmap\test\bad\2D und 3D\2026_03_11-09_24_08-031.png;roi2;
C:\anomalydino_data_single_object_normalmap\normalmap\test\bad\2D und 3D\2026_03_11-09_24_37-517.png;roi0;
C:\anomalydino_data_single_object_normalmap\normalmap\test\bad\2D und 3D\2026_03_11-09_24_37-517.png;roi1;
C:\anomalydino_data_single_object_normalmap\normalmap\test\bad\2D und 3D\2026_03_11-09_24_37-517.png;roi2;
C:\anomalydino_data_single_object_normalmap\normalmap\test\bad\2D und 3D\2026_03_11-09_24_37-517.png;roi3;
C:\anomalydino_data_single_object_normalmap\normalmap\test\bad\2D und 3D\2026_03_11-09_24_37-517.png;roi4;
C:\anomalydino_data_single_object_normalmap\normalmap\test\bad\2D und 3D\2026_03_11-09_24_37-517.png;roi5;
C:\anomalydino_data_single_object_normalmap\normalmap\test\bad\2D und 3D\2026_03_11-09_24_37-517.png;roi6;
C:\anomalydino_data_single_object_normalmap\normalmap\test\bad\2D und 3D\2026_03_11-09_24_37-517.png;roi7;
C:\anomalydino_data_single_object_normalmap\normalmap\test\bad\2D und 3D\2026_03_11-09_24_37-517.png;roi8;
C:\anomalydino_data_single_object_normalmap\normalmap\test\bad\2D und 3D\2026_03_11-09_24_37-517.png;roi9;
C:\anomalydino_data_single_object_normalmap\normalmap\test\bad\2D und 3D\2026_03_11-09_25_32-280.png;roi0;
C:\anomalydino_data_single_object_normalmap\normalmap\test\bad\2D und 3D\2026_03_11-09_25_32-280.png;roi1;
C:\anomalydino_data_single_object_normalmap\normalmap\test\bad\2D und 3D\2026_03_11-09_25_32-280.png;roi2;
C:\anomalydino_data_single_object_normalmap\normalmap\test\bad\2D und 3D\2026_03_11-09_25_32-280.png;roi3;
C:\anomalydino_data_single_object_normalmap\normalmap\test\bad\2D und 3D\2026_03_11-09_25_32-280.png;roi4;
C:\anomalydino_data_single_object_normalmap\normalmap\test\bad\2D und 3D\2026_03_11-09_28_17-003.png;roi0;
C:\anomalydino_data_single_object_normalmap\normalmap\test\bad\2D und 3D\2026_03_11-09_28_17-003.png;roi1;
C:\anomalydino_data_single_object_normalmap\normalmap\test\bad\2D und 3D\2026_03_11-09_28_17-003.png;roi2;
C:\anomalydino_data_single_object_normalmap\normalmap\test\bad\2D und 3D\2026_03_11-09_28_17-003.png;roi3;
C:\anomalydino_data_single_object_normalmap\normalmap\test\bad\2D und 3D\2026_03_11-09_28_59-177.png;roi0;
C:\anomalydino_data_single_object_normalmap\normalmap\test\bad\2D und 3D\2026_03_11-09_28_59-177.png;roi1;
C:\anomalydino_data_single_object_normalmap\normalmap\test\bad\2D und 3D\2026_03_11-09_28_59-177.png;roi2;
C:\anomalydino_data_single_object_normalmap\normalmap\test\bad\2D und 3D\2026_03_11-09_28_59-177.png;roi3;
C:\anomalydino_data_single_object_normalmap\normalmap\test\bad\2D und 3D\2026_03_11-09_30_32-443.png;roi0;
C:\anomalydino_data_single_object_normalmap\normalmap\test\bad\2D und 3D\2026_03_11-09_30_32-443.png;roi1;
C:\anomalydino_data_single_object_normalmap\normalmap\test\bad\2D und 3D\2026_03_11-09_30_32-443.png;roi2;
C:\anomalydino_data_single_object_normalmap\normalmap\test\bad\2D und 3D\2026_03_11-09_30_32-443.png;roi3;
C:\anomalydino_data_single_object_normalmap\normalmap\test\bad\2D und 3D\2026_03_11-09_30_32-443.png;roi4;
C:\anomalydino_data_single_object_normalmap\normalmap\test\bad\2D und 3D\2026_03_11-09_30_32-443.png;roi5;
C:\anomalydino_data_single_object_normalmap\normalmap\test\bad\2D und 3D\2026_03_11-09_30_32-443.png;roi6;
C:\anomalydino_data_single_object_normalmap\normalmap\test\bad\2D und 3D\2026_03_11-09_30_32-443.png;roi7;
C:\anomalydino_data_single_object_normalmap\normalmap\test\bad\2D und 3D\2026_03_11-09_30_32-443.png;roi8;
C:\anomalydino_data_single_object_normalmap\normalmap\test\bad\2D und 3D\2026_03_19-08_26_37-685.png;roi0;
C:\anomalydino_data_single_object_normalmap\normalmap\test\bad\2D und 3D\2026_03_19-08_26_37-685.png;roi1;
C:\anomalydino_data_single_object_normalmap\normalmap\test\bad\2D und 3D\2026_03_19-08_26_37-685.png;roi2;
C:\anomalydino_data_single_object_normalmap\normalmap\test\bad\2D und 3D\2026_03_19-08_27_52-514.png;roi0;
C:\anomalydino_data_single_object_normalmap\normalmap\test\bad\2D und 3D\2026_03_19-08_27_52-514.png;roi1;
C:\anomalydino_data_single_object_normalmap\normalmap\test\bad\2D und 3D\2026_03_19-08_27_52-514.png;roi2;
C:\anomalydino_data_single_object_normalmap\normalmap\test\bad\2D und 3D\2026_03_19-09_00_52-641.png;roi0;
C:\anomalydino_data_single_object_normalmap\normalmap\test\bad\2D und 3D\2026_03_19-09_00_59-127.png;roi0;
C:\anomalydino_data_single_object_normalmap\normalmap\test\bad\2D und 3D\2026_03_19-09_00_59-127.png;roi1;
C:\anomalydino_data_single_object_normalmap\normalmap\test\bad\2D und 3D\2026_03_19-09_00_59-127.png;roi2;
C:\anomalydino_data_single_object_normalmap\normalmap\test\bad\2D und 3D\2026_03_19-09_04_24-209.png;roi0;
C:\anomalydino_data_single_object_normalmap\normalmap\test\bad\2D und 3D\2026_03_19-09_04_24-209.png;roi1;
C:\anomalydino_data_single_object_normalmap\normalmap\test\bad\2D und 3D\2026_03_19-09_04_24-209.png;roi2;
C:\anomalydino_data_single_object_normalmap\normalmap\test\bad\2D und 3D\2026_03_19-09_04_58-922.png;roi0;
C:\anomalydino_data_single_object_normalmap\normalmap\test\bad\2D und 3D\2026_03_19-09_04_58-922.png;roi1;
C:\anomalydino_data_single_object_normalmap\normalmap\test\bad\2D und 3D\2026_03_19-09_04_58-922.png;roi2;
C:\anomalydino_data_single_object_normalmap\normalmap\test\bad\2D und 3D\2026_03_19-09_04_58-922.png;roi3;
C:\anomalydino_data_single_object_normalmap\normalmap\test\bad\2D\2026_03_11-09_22_05-974.png;roi0;
C:\anomalydino_data_single_object_normalmap\normalmap\test\bad\2D\2026_03_11-09_22_13-794.png;roi0;
C:\anomalydino_data_single_object_normalmap\normalmap\test\bad\2D\2026_03_11-09_22_13-794.png;roi1;
C:\anomalydino_data_single_object_normalmap\normalmap\test\bad\2D\2026_03_11-09_22_13-794.png;roi2;
C:\anomalydino_data_single_object_normalmap\normalmap\test\bad\2D\2026_03_11-09_22_21-590.png;roi0;
C:\anomalydino_data_single_object_normalmap\normalmap\test\bad\2D\2026_03_11-09_22_21-590.png;roi1;
C:\anomalydino_data_single_object_normalmap\normalmap\test\bad\2D\2026_03_11-09_22_21-590.png;roi2;
C:\anomalydino_data_single_object_normalmap\normalmap\test\bad\2D\2026_03_11-09_22_21-590.png;roi3;
C:\anomalydino_data_single_object_normalmap\normalmap\test\bad\2D\2026_03_11-09_22_21-590.png;roi4;
C:\anomalydino_data_single_object_normalmap\normalmap\test\bad\2D\2026_03_11-09_22_37-199.png;roi0;
C:\anomalydino_data_single_object_normalmap\normalmap\test\bad\2D\2026_03_11-09_22_37-199.png;roi1;
C:\anomalydino_data_single_object_normalmap\normalmap\test\bad\2D\2026_03_11-09_22_37-199.png;roi2;
C:\anomalydino_data_single_object_normalmap\normalmap\test\bad\2D\2026_03_11-09_22_37-199.png;roi3;
C:\anomalydino_data_single_object_normalmap\normalmap\test\bad\2D\2026_03_11-09_22_37-199.png;roi4;
C:\anomalydino_data_single_object_normalmap\normalmap\test\bad\2D\2026_03_11-09_22_37-199.png;roi5;
C:\anomalydino_data_single_object_normalmap\normalmap\test\bad\2D\2026_03_11-09_22_37-199.png;roi6;
C:\anomalydino_data_single_object_normalmap\normalmap\test\bad\2D\2026_03_11-09_22_37-199.png;roi7;
C:\anomalydino_data_single_object_normalmap\normalmap\test\bad\2D\2026_03_11-09_22_37-199.png;roi8;
C:\anomalydino_data_single_object_normalmap\normalmap\test\bad\2D\2026_03_11-09_22_45-019.png;roi0;
C:\anomalydino_data_single_object_normalmap\normalmap\test\bad\2D\2026_03_11-09_22_45-019.png;roi1;
C:\anomalydino_data_single_object_normalmap\normalmap\test\bad\2D\2026_03_11-09_22_45-019.png;roi2;
C:\anomalydino_data_single_object_normalmap\normalmap\test\bad\2D\2026_03_11-09_22_45-019.png;roi3;
C:\anomalydino_data_single_object_normalmap\normalmap\test\bad\2D\2026_03_11-09_22_45-019.png;roi4;
C:\anomalydino_data_single_object_normalmap\normalmap\test\bad\2D\2026_03_11-09_22_45-019.png;roi5;
C:\anomalydino_data_single_object_normalmap\normalmap\test\bad\2D\2026_03_11-09_22_53-019.png;roi0;
C:\anomalydino_data_single_object_normalmap\normalmap\test\bad\2D\2026_03_11-09_22_53-019.png;roi1;
C:\anomalydino_data_single_object_normalmap\normalmap\test\bad\2D\2026_03_11-09_22_53-019.png;roi2;
C:\anomalydino_data_single_object_normalmap\normalmap\test\bad\2D\2026_03_11-09_22_53-019.png;roi3;
C:\anomalydino_data_single_object_normalmap\normalmap\test\bad\2D\2026_03_11-09_22_53-019.png;roi4;
C:\anomalydino_data_single_object_normalmap\normalmap\test\bad\2D\2026_03_11-09_22_53-019.png;roi5;
C:\anomalydino_data_single_object_normalmap\normalmap\test\bad\2D\2026_03_11-09_23_00-353.png;roi0;
C:\anomalydino_data_single_object_normalmap\normalmap\test\bad\2D\2026_03_11-09_23_00-353.png;roi1;
C:\anomalydino_data_single_object_normalmap\normalmap\test\bad\2D\2026_03_11-09_23_20-950.png;roi0;
C:\anomalydino_data_single_object_normalmap\normalmap\test\bad\2D\2026_03_11-09_23_20-950.png;roi1;
C:\anomalydino_data_single_object_normalmap\normalmap\test\bad\2D\2026_03_11-09_23_20-950.png;roi2;
C:\anomalydino_data_single_object_normalmap\normalmap\test\bad\2D\2026_03_11-09_23_20-950.png;roi3;
C:\anomalydino_data_single_object_normalmap\normalmap\test\bad\2D\2026_03_11-09_23_40-521.png;roi0;
C:\anomalydino_data_single_object_normalmap\normalmap\test\bad\2D\2026_03_11-09_23_46-859.png;roi0;
C:\anomalydino_data_single_object_normalmap\normalmap\test\bad\2D\2026_03_11-09_23_46-859.png;roi1;
C:\anomalydino_data_single_object_normalmap\normalmap\test\bad\2D\2026_03_11-09_23_46-859.png;roi2;
C:\anomalydino_data_single_object_normalmap\normalmap\test\bad\2D\2026_03_11-09_23_46-859.png;roi3;
C:\anomalydino_data_single_object_normalmap\normalmap\test\bad\2D\2026_03_11-09_23_53-337.png;roi0;
C:\anomalydino_data_single_object_normalmap\normalmap\test\bad\2D\2026_03_11-09_23_53-337.png;roi1;
C:\anomalydino_data_single_object_normalmap\normalmap\test\bad\2D\2026_03_11-09_23_53-337.png;roi2;
C:\anomalydino_data_single_object_normalmap\normalmap\test\bad\2D\2026_03_11-09_23_53-337.png;roi3;
C:\anomalydino_data_single_object_normalmap\normalmap\test\bad\2D\2026_03_11-09_24_30-217.png;roi0;
C:\anomalydino_data_single_object_normalmap\normalmap\test\bad\2D\2026_03_11-09_24_51-728.png;roi0;
C:\anomalydino_data_single_object_normalmap\normalmap\test\bad\2D\2026_03_11-09_24_51-728.png;roi1;
C:\anomalydino_data_single_object_normalmap\normalmap\test\bad\2D\2026_03_11-09_24_51-728.png;roi2;
C:\anomalydino_data_single_object_normalmap\normalmap\test\bad\2D\2026_03_11-09_24_51-728.png;roi3;
C:\anomalydino_data_single_object_normalmap\normalmap\test\bad\2D\2026_03_11-09_24_58-685.png;roi0;
C:\anomalydino_data_single_object_normalmap\normalmap\test\bad\2D\2026_03_11-09_24_58-685.png;roi1;
C:\anomalydino_data_single_object_normalmap\normalmap\test\bad\2D\2026_03_11-09_24_58-685.png;roi2;
C:\anomalydino_data_single_object_normalmap\normalmap\test\bad\2D\2026_03_11-09_25_06-198.png;roi0;
C:\anomalydino_data_single_object_normalmap\normalmap\test\bad\2D\2026_03_11-09_25_06-198.png;roi1;
C:\anomalydino_data_single_object_normalmap\normalmap\test\bad\2D\2026_03_11-09_25_06-198.png;roi2;
C:\anomalydino_data_single_object_normalmap\normalmap\test\bad\2D\2026_03_11-09_25_12-544.png;roi0;
C:\anomalydino_data_single_object_normalmap\normalmap\test\bad\2D\2026_03_11-09_25_19-086.png;roi0;
C:\anomalydino_data_single_object_normalmap\normalmap\test\bad\2D\2026_03_11-09_25_25-722.png;roi0;
C:\anomalydino_data_single_object_normalmap\normalmap\test\bad\2D\2026_03_11-09_25_39-415.png;roi0;
C:\anomalydino_data_single_object_normalmap\normalmap\test\bad\2D\2026_03_11-09_25_39-415.png;roi1;
C:\anomalydino_data_single_object_normalmap\normalmap\test\bad\2D\2026_03_11-09_25_39-415.png;roi2;
C:\anomalydino_data_single_object_normalmap\normalmap\test\bad\2D\2026_03_11-09_25_39-415.png;roi3;
C:\anomalydino_data_single_object_normalmap\normalmap\test\bad\2D\2026_03_11-09_25_39-415.png;roi4;
C:\anomalydino_data_single_object_normalmap\normalmap\test\bad\2D\2026_03_11-09_25_47-041.png;roi0;
C:\anomalydino_data_single_object_normalmap\normalmap\test\bad\2D\2026_03_11-09_25_54-574.png;roi0;
C:\anomalydino_data_single_object_normalmap\normalmap\test\bad\2D\2026_03_11-09_25_54-574.png;roi1;
C:\anomalydino_data_single_object_normalmap\normalmap\test\bad\2D\2026_03_11-09_25_54-574.png;roi2;
C:\anomalydino_data_single_object_normalmap\normalmap\test\bad\2D\2026_03_11-09_25_54-574.png;roi3;
C:\anomalydino_data_single_object_normalmap\normalmap\test\bad\2D\2026_03_11-09_26_01-780.png;roi0;
C:\anomalydino_data_single_object_normalmap\normalmap\test\bad\2D\2026_03_11-09_26_01-780.png;roi1;
C:\anomalydino_data_single_object_normalmap\normalmap\test\bad\2D\2026_03_11-09_26_08-204.png;roi0;
C:\anomalydino_data_single_object_normalmap\normalmap\test\bad\2D\2026_03_11-09_26_08-204.png;roi1;
C:\anomalydino_data_single_object_normalmap\normalmap\test\bad\2D\2026_03_11-09_26_08-204.png;roi2;
C:\anomalydino_data_single_object_normalmap\normalmap\test\bad\2D\2026_03_11-09_26_08-204.png;roi3;
C:\anomalydino_data_single_object_normalmap\normalmap\test\bad\2D\2026_03_11-09_26_08-204.png;roi4;
C:\anomalydino_data_single_object_normalmap\normalmap\test\bad\2D\2026_03_11-09_26_08-204.png;roi5;
C:\anomalydino_data_single_object_normalmap\normalmap\test\bad\2D\2026_03_11-09_26_08-204.png;roi6;
C:\anomalydino_data_single_object_normalmap\normalmap\test\bad\2D\2026_03_11-09_26_14-520.png;roi0;
C:\anomalydino_data_single_object_normalmap\normalmap\test\bad\2D\2026_03_11-09_26_14-520.png;roi1;
C:\anomalydino_data_single_object_normalmap\normalmap\test\bad\2D\2026_03_11-09_26_14-520.png;roi2;
C:\anomalydino_data_single_object_normalmap\normalmap\test\bad\2D\2026_03_11-09_26_14-520.png;roi3;
C:\anomalydino_data_single_object_normalmap\normalmap\test\bad\2D\2026_03_11-09_26_14-520.png;roi4;
C:\anomalydino_data_single_object_normalmap\normalmap\test\bad\2D\2026_03_11-09_26_14-520.png;roi5;
C:\anomalydino_data_single_object_normalmap\normalmap\test\bad\2D\2026_03_11-09_26_14-520.png;roi6;
C:\anomalydino_data_single_object_normalmap\normalmap\test\bad\2D\2026_03_11-09_26_14-520.png;roi7;
C:\anomalydino_data_single_object_normalmap\normalmap\test\bad\2D\2026_03_11-09_26_22-508.png;roi0;
C:\anomalydino_data_single_object_normalmap\normalmap\test\bad\2D\2026_03_11-09_26_22-508.png;roi1;
C:\anomalydino_data_single_object_normalmap\normalmap\test\bad\2D\2026_03_11-09_26_22-508.png;roi2;
C:\anomalydino_data_single_object_normalmap\normalmap\test\bad\2D\2026_03_11-09_26_22-508.png;roi3;
C:\anomalydino_data_single_object_normalmap\normalmap\test\bad\2D\2026_03_11-09_26_29-594.png;roi0;
C:\anomalydino_data_single_object_normalmap\normalmap\test\bad\2D\2026_03_11-09_26_29-594.png;roi1;
C:\anomalydino_data_single_object_normalmap\normalmap\test\bad\2D\2026_03_11-09_26_29-594.png;roi2;
C:\anomalydino_data_single_object_normalmap\normalmap\test\bad\2D\2026_03_11-09_26_29-594.png;roi3;
C:\anomalydino_data_single_object_normalmap\normalmap\test\bad\2D\2026_03_11-09_26_29-594.png;roi4;
C:\anomalydino_data_single_object_normalmap\normalmap\test\bad\2D\2026_03_11-09_26_29-594.png;roi5;
C:\anomalydino_data_single_object_normalmap\normalmap\test\bad\2D\2026_03_11-09_26_29-594.png;roi6;
C:\anomalydino_data_single_object_normalmap\normalmap\test\bad\2D\2026_03_11-09_26_29-594.png;roi7;
C:\anomalydino_data_single_object_normalmap\normalmap\test\bad\2D\2026_03_11-09_26_37-618.png;roi0;
C:\anomalydino_data_single_object_normalmap\normalmap\test\bad\2D\2026_03_11-09_26_37-618.png;roi1;
C:\anomalydino_data_single_object_normalmap\normalmap\test\bad\2D\2026_03_11-09_26_37-618.png;roi2;
C:\anomalydino_data_single_object_normalmap\normalmap\test\bad\2D\2026_03_11-09_26_37-618.png;roi3;
C:\anomalydino_data_single_object_normalmap\normalmap\test\bad\2D\2026_03_11-09_26_37-618.png;roi4;
C:\anomalydino_data_single_object_normalmap\normalmap\test\bad\2D\2026_03_11-09_26_37-618.png;roi5;
C:\anomalydino_data_single_object_normalmap\normalmap\test\bad\2D\2026_03_11-09_26_37-618.png;roi6;
C:\anomalydino_data_single_object_normalmap\normalmap\test\bad\2D\2026_03_11-09_26_37-618.png;roi7;
C:\anomalydino_data_single_object_normalmap\normalmap\test\bad\2D\2026_03_11-09_26_37-618.png;roi8;
C:\anomalydino_data_single_object_normalmap\normalmap\test\bad\2D\2026_03_11-09_26_37-618.png;roi9;
C:\anomalydino_data_single_object_normalmap\normalmap\test\bad\2D\2026_03_11-09_26_37-618.png;roi10;
C:\anomalydino_data_single_object_normalmap\normalmap\test\bad\2D\2026_03_11-09_26_37-618.png;roi11;
C:\anomalydino_data_single_object_normalmap\normalmap\test\bad\2D\2026_03_11-09_26_44-970.png;roi0;
C:\anomalydino_data_single_object_normalmap\normalmap\test\bad\2D\2026_03_11-09_26_44-970.png;roi1;
C:\anomalydino_data_single_object_normalmap\normalmap\test\bad\2D\2026_03_11-09_26_44-970.png;roi2;
C:\anomalydino_data_single_object_normalmap\normalmap\test\bad\2D\2026_03_11-09_26_44-970.png;roi3;
C:\anomalydino_data_single_object_normalmap\normalmap\test\bad\2D\2026_03_11-09_26_51-351.png;roi0;
C:\anomalydino_data_single_object_normalmap\normalmap\test\bad\2D\2026_03_11-09_26_51-351.png;roi1;
C:\anomalydino_data_single_object_normalmap\normalmap\test\bad\2D\2026_03_11-09_26_51-351.png;roi2;
C:\anomalydino_data_single_object_normalmap\normalmap\test\bad\2D\2026_03_11-09_26_51-351.png;roi3;
C:\anomalydino_data_single_object_normalmap\normalmap\test\bad\2D\2026_03_11-09_26_58-222.png;roi0;
C:\anomalydino_data_single_object_normalmap\normalmap\test\bad\2D\2026_03_11-09_26_58-222.png;roi1;
C:\anomalydino_data_single_object_normalmap\normalmap\test\bad\2D\2026_03_11-09_26_58-222.png;roi2;
C:\anomalydino_data_single_object_normalmap\normalmap\test\bad\2D\2026_03_11-09_26_58-222.png;roi3;
C:\anomalydino_data_single_object_normalmap\normalmap\test\bad\2D\2026_03_11-09_27_05-987.png;roi0;
C:\anomalydino_data_single_object_normalmap\normalmap\test\bad\2D\2026_03_11-09_27_05-987.png;roi1;
C:\anomalydino_data_single_object_normalmap\normalmap\test\bad\2D\2026_03_11-09_27_05-987.png;roi2;
C:\anomalydino_data_single_object_normalmap\normalmap\test\bad\2D\2026_03_11-09_27_05-987.png;roi3;
C:\anomalydino_data_single_object_normalmap\normalmap\test\bad\2D\2026_03_11-09_27_05-987.png;roi4;
C:\anomalydino_data_single_object_normalmap\normalmap\test\bad\2D\2026_03_11-09_27_12-443.png;roi0;
C:\anomalydino_data_single_object_normalmap\normalmap\test\bad\2D\2026_03_11-09_27_12-443.png;roi1;
C:\anomalydino_data_single_object_normalmap\normalmap\test\bad\2D\2026_03_11-09_27_12-443.png;roi2;
C:\anomalydino_data_single_object_normalmap\normalmap\test\bad\2D\2026_03_11-09_27_12-443.png;roi3;
C:\anomalydino_data_single_object_normalmap\normalmap\test\bad\2D\2026_03_11-09_27_12-443.png;roi4;
C:\anomalydino_data_single_object_normalmap\normalmap\test\bad\2D\2026_03_11-09_27_12-443.png;roi5;
C:\anomalydino_data_single_object_normalmap\normalmap\test\bad\2D\2026_03_11-09_27_20-420.png;roi0;
C:\anomalydino_data_single_object_normalmap\normalmap\test\bad\2D\2026_03_11-09_27_20-420.png;roi1;
C:\anomalydino_data_single_object_normalmap\normalmap\test\bad\2D\2026_03_11-09_27_20-420.png;roi2;
C:\anomalydino_data_single_object_normalmap\normalmap\test\bad\2D\2026_03_11-09_27_28-009.png;roi0;
C:\anomalydino_data_single_object_normalmap\normalmap\test\bad\2D\2026_03_11-09_27_34-128.png;roi0;
C:\anomalydino_data_single_object_normalmap\normalmap\test\bad\2D\2026_03_11-09_27_34-128.png;roi1;
C:\anomalydino_data_single_object_normalmap\normalmap\test\bad\2D\2026_03_11-09_27_34-128.png;roi2;
C:\anomalydino_data_single_object_normalmap\normalmap\test\bad\2D\2026_03_11-09_27_34-128.png;roi3;
C:\anomalydino_data_single_object_normalmap\normalmap\test\bad\2D\2026_03_11-09_27_34-128.png;roi4;
C:\anomalydino_data_single_object_normalmap\normalmap\test\bad\2D\2026_03_11-09_27_41-081.png;roi0;
C:\anomalydino_data_single_object_normalmap\normalmap\test\bad\2D\2026_03_11-09_27_41-081.png;roi1;
C:\anomalydino_data_single_object_normalmap\normalmap\test\bad\2D\2026_03_11-09_27_48-249.png;roi0;
C:\anomalydino_data_single_object_normalmap\normalmap\test\bad\2D\2026_03_11-09_27_48-249.png;roi1;
C:\anomalydino_data_single_object_normalmap\normalmap\test\bad\2D\2026_03_11-09_27_48-249.png;roi2;
C:\anomalydino_data_single_object_normalmap\normalmap\test\bad\2D\2026_03_11-09_27_48-249.png;roi3;
C:\anomalydino_data_single_object_normalmap\normalmap\test\bad\2D\2026_03_11-09_27_48-249.png;roi4;
C:\anomalydino_data_single_object_normalmap\normalmap\test\bad\2D\2026_03_11-09_27_55-264.png;roi0;
C:\anomalydino_data_single_object_normalmap\normalmap\test\bad\2D\2026_03_11-09_27_55-264.png;roi1;
C:\anomalydino_data_single_object_normalmap\normalmap\test\bad\2D\2026_03_11-09_27_55-264.png;roi2;
C:\anomalydino_data_single_object_normalmap\normalmap\test\bad\2D\2026_03_11-09_27_55-264.png;roi3;
C:\anomalydino_data_single_object_normalmap\normalmap\test\bad\2D\2026_03_11-09_27_55-264.png;roi4;
C:\anomalydino_data_single_object_normalmap\normalmap\test\bad\2D\2026_03_11-09_27_55-264.png;roi5;
C:\anomalydino_data_single_object_normalmap\normalmap\test\bad\2D\2026_03_11-09_27_55-264.png;roi6;
C:\anomalydino_data_single_object_normalmap\normalmap\test\bad\2D\2026_03_11-09_28_02-828.png;roi0;
C:\anomalydino_data_single_object_normalmap\normalmap\test\bad\2D\2026_03_11-09_28_02-828.png;roi1;
C:\anomalydino_data_single_object_normalmap\normalmap\test\bad\2D\2026_03_11-09_28_02-828.png;roi2;
C:\anomalydino_data_single_object_normalmap\normalmap\test\bad\2D\2026_03_11-09_28_02-828.png;roi3;
C:\anomalydino_data_single_object_normalmap\normalmap\test\bad\2D\2026_03_11-09_28_02-828.png;roi4;
C:\anomalydino_data_single_object_normalmap\normalmap\test\bad\2D\2026_03_11-09_28_10-143.png;roi0;
C:\anomalydino_data_single_object_normalmap\normalmap\test\bad\2D\2026_03_11-09_28_10-143.png;roi1;
C:\anomalydino_data_single_object_normalmap\normalmap\test\bad\2D\2026_03_11-09_28_10-143.png;roi2;
C:\anomalydino_data_single_object_normalmap\normalmap\test\bad\2D\2026_03_11-09_28_10-143.png;roi3;
C:\anomalydino_data_single_object_normalmap\normalmap\test\bad\2D\2026_03_11-09_28_24-237.png;roi0;
C:\anomalydino_data_single_object_normalmap\normalmap\test\bad\2D\2026_03_11-09_28_24-237.png;roi1;
C:\anomalydino_data_single_object_normalmap\normalmap\test\bad\2D\2026_03_11-09_28_24-237.png;roi2;
C:\anomalydino_data_single_object_normalmap\normalmap\test\bad\2D\2026_03_11-09_28_24-237.png;roi3;
C:\anomalydino_data_single_object_normalmap\normalmap\test\bad\2D\2026_03_11-09_28_24-237.png;roi4;
C:\anomalydino_data_single_object_normalmap\normalmap\test\bad\2D\2026_03_11-09_28_24-237.png;roi5;
C:\anomalydino_data_single_object_normalmap\normalmap\test\bad\2D\2026_03_11-09_28_31-632.png;roi0;
C:\anomalydino_data_single_object_normalmap\normalmap\test\bad\2D\2026_03_11-09_28_38-808.png;roi0;
C:\anomalydino_data_single_object_normalmap\normalmap\test\bad\2D\2026_03_11-09_28_38-808.png;roi1;
C:\anomalydino_data_single_object_normalmap\normalmap\test\bad\2D\2026_03_11-09_28_45-346.png;roi0;
C:\anomalydino_data_single_object_normalmap\normalmap\test\bad\2D\2026_03_11-09_28_45-346.png;roi1;
C:\anomalydino_data_single_object_normalmap\normalmap\test\bad\2D\2026_03_11-09_28_45-346.png;roi2;
C:\anomalydino_data_single_object_normalmap\normalmap\test\bad\2D\2026_03_11-09_29_05-968.png;roi0;
C:\anomalydino_data_single_object_normalmap\normalmap\test\bad\2D\2026_03_11-09_29_13-150.png;roi0;
C:\anomalydino_data_single_object_normalmap\normalmap\test\bad\2D\2026_03_11-09_29_13-150.png;roi1;
C:\anomalydino_data_single_object_normalmap\normalmap\test\bad\2D\2026_03_11-09_29_13-150.png;roi2;
C:\anomalydino_data_single_object_normalmap\normalmap\test\bad\2D\2026_03_11-09_29_19-502.png;roi0;
C:\anomalydino_data_single_object_normalmap\normalmap\test\bad\2D\2026_03_11-09_29_19-502.png;roi1;
C:\anomalydino_data_single_object_normalmap\normalmap\test\bad\2D\2026_03_11-09_29_19-502.png;roi2;
C:\anomalydino_data_single_object_normalmap\normalmap\test\bad\2D\2026_03_11-09_29_34-724.png;roi0;
C:\anomalydino_data_single_object_normalmap\normalmap\test\bad\2D\2026_03_11-09_29_34-724.png;roi1;
C:\anomalydino_data_single_object_normalmap\normalmap\test\bad\2D\2026_03_11-09_29_34-724.png;roi2;
C:\anomalydino_data_single_object_normalmap\normalmap\test\bad\2D\2026_03_11-09_29_34-724.png;roi3;
C:\anomalydino_data_single_object_normalmap\normalmap\test\bad\2D\2026_03_11-09_29_34-724.png;roi4;
C:\anomalydino_data_single_object_normalmap\normalmap\test\bad\2D\2026_03_11-09_29_34-724.png;roi5;
C:\anomalydino_data_single_object_normalmap\normalmap\test\bad\2D\2026_03_11-09_29_34-724.png;roi6;
C:\anomalydino_data_single_object_normalmap\normalmap\test\bad\2D\2026_03_11-09_29_41-179.png;roi0;
C:\anomalydino_data_single_object_normalmap\normalmap\test\bad\2D\2026_03_11-09_29_41-179.png;roi1;
C:\anomalydino_data_single_object_normalmap\normalmap\test\bad\2D\2026_03_11-09_29_41-179.png;roi2;
C:\anomalydino_data_single_object_normalmap\normalmap\test\bad\2D\2026_03_11-09_29_41-179.png;roi3;
C:\anomalydino_data_single_object_normalmap\normalmap\test\bad\2D\2026_03_11-09_29_41-179.png;roi4;
C:\anomalydino_data_single_object_normalmap\normalmap\test\bad\2D\2026_03_11-09_29_41-179.png;roi5;
C:\anomalydino_data_single_object_normalmap\normalmap\test\bad\2D\2026_03_11-09_29_41-179.png;roi6;
C:\anomalydino_data_single_object_normalmap\normalmap\test\bad\2D\2026_03_11-09_29_47-728.png;roi0;
C:\anomalydino_data_single_object_normalmap\normalmap\test\bad\2D\2026_03_11-09_29_47-728.png;roi1;
C:\anomalydino_data_single_object_normalmap\normalmap\test\bad\2D\2026_03_11-09_29_47-728.png;roi2;
C:\anomalydino_data_single_object_normalmap\normalmap\test\bad\2D\2026_03_11-09_29_47-728.png;roi3;
C:\anomalydino_data_single_object_normalmap\normalmap\test\bad\2D\2026_03_11-09_29_47-728.png;roi4;
C:\anomalydino_data_single_object_normalmap\normalmap\test\bad\2D\2026_03_11-09_29_47-728.png;roi5;
C:\anomalydino_data_single_object_normalmap\normalmap\test\bad\2D\2026_03_11-09_29_47-728.png;roi6;
C:\anomalydino_data_single_object_normalmap\normalmap\test\bad\2D\2026_03_11-09_29_47-728.png;roi7;
C:\anomalydino_data_single_object_normalmap\normalmap\test\bad\2D\2026_03_11-09_29_47-728.png;roi8;
C:\anomalydino_data_single_object_normalmap\normalmap\test\bad\2D\2026_03_11-09_29_47-728.png;roi9;
C:\anomalydino_data_single_object_normalmap\normalmap\test\bad\2D\2026_03_11-09_29_47-728.png;roi10;
C:\anomalydino_data_single_object_normalmap\normalmap\test\bad\2D\2026_03_11-09_29_47-728.png;roi11;
C:\anomalydino_data_single_object_normalmap\normalmap\test\bad\2D\2026_03_11-09_29_47-728.png;roi12;
C:\anomalydino_data_single_object_normalmap\normalmap\test\bad\2D\2026_03_11-09_29_47-728.png;roi13;
C:\anomalydino_data_single_object_normalmap\normalmap\test\bad\2D\2026_03_11-09_29_55-339.png;roi0;
C:\anomalydino_data_single_object_normalmap\normalmap\test\bad\2D\2026_03_11-09_29_55-339.png;roi1;
C:\anomalydino_data_single_object_normalmap\normalmap\test\bad\2D\2026_03_11-09_29_55-339.png;roi2;
C:\anomalydino_data_single_object_normalmap\normalmap\test\bad\2D\2026_03_11-09_29_55-339.png;roi3;
C:\anomalydino_data_single_object_normalmap\normalmap\test\bad\2D\2026_03_11-09_29_55-339.png;roi4;
C:\anomalydino_data_single_object_normalmap\normalmap\test\bad\2D\2026_03_11-09_29_55-339.png;roi5;
C:\anomalydino_data_single_object_normalmap\normalmap\test\bad\2D\2026_03_11-09_30_02-903.png;roi0;
C:\anomalydino_data_single_object_normalmap\normalmap\test\bad\2D\2026_03_11-09_30_09-946.png;roi0;
C:\anomalydino_data_single_object_normalmap\normalmap\test\bad\2D\2026_03_11-09_30_09-946.png;roi1;
C:\anomalydino_data_single_object_normalmap\normalmap\test\bad\2D\2026_03_11-09_30_09-946.png;roi2;
C:\anomalydino_data_single_object_normalmap\normalmap\test\bad\2D\2026_03_11-09_30_17-898.png;roi0;
C:\anomalydino_data_single_object_normalmap\normalmap\test\bad\2D\2026_03_11-09_30_17-898.png;roi1;
C:\anomalydino_data_single_object_normalmap\normalmap\test\bad\2D\2026_03_11-09_30_17-898.png;roi2;
C:\anomalydino_data_single_object_normalmap\normalmap\test\bad\2D\2026_03_11-09_30_17-898.png;roi3;
C:\anomalydino_data_single_object_normalmap\normalmap\test\bad\2D\2026_03_11-09_30_17-898.png;roi4;
C:\anomalydino_data_single_object_normalmap\normalmap\test\bad\2D\2026_03_11-09_30_17-898.png;roi5;
C:\anomalydino_data_single_object_normalmap\normalmap\test\bad\2D\2026_03_11-09_30_17-898.png;roi6;
C:\anomalydino_data_single_object_normalmap\normalmap\test\bad\2D\2026_03_11-09_30_17-898.png;roi7;
C:\anomalydino_data_single_object_normalmap\normalmap\test\bad\2D\2026_03_11-09_30_17-898.png;roi8;
C:\anomalydino_data_single_object_normalmap\normalmap\test\bad\2D\2026_03_11-09_30_17-898.png;roi9;
C:\anomalydino_data_single_object_normalmap\normalmap\test\bad\2D\2026_03_11-09_30_25-397.png;roi0;
C:\anomalydino_data_single_object_normalmap\normalmap\test\bad\2D\2026_03_11-09_30_25-397.png;roi1;
C:\anomalydino_data_single_object_normalmap\normalmap\test\bad\2D\2026_03_11-09_30_25-397.png;roi2;
C:\anomalydino_data_single_object_normalmap\normalmap\test\bad\2D\2026_03_11-09_30_25-397.png;roi3;
C:\anomalydino_data_single_object_normalmap\normalmap\test\bad\2D\2026_03_11-09_30_25-397.png;roi4;
C:\anomalydino_data_single_object_normalmap\normalmap\test\bad\2D\2026_03_11-09_30_25-397.png;roi5;
C:\anomalydino_data_single_object_normalmap\normalmap\test\bad\2D\2026_03_11-09_30_25-397.png;roi6;
C:\anomalydino_data_single_object_normalmap\normalmap\test\bad\2D\2026_03_11-09_30_25-397.png;roi7;
C:\anomalydino_data_single_object_normalmap\normalmap\test\bad\2D\2026_03_11-09_30_25-397.png;roi8;
C:\anomalydino_data_single_object_normalmap\normalmap\test\bad\2D\2026_03_11-09_30_25-397.png;roi9;
C:\anomalydino_data_single_object_normalmap\normalmap\test\bad\2D\2026_03_11-09_30_25-397.png;roi10;
C:\anomalydino_data_single_object_normalmap\normalmap\test\bad\2D\2026_03_11-09_30_25-397.png;roi11;
C:\anomalydino_data_single_object_normalmap\normalmap\test\bad\2D\2026_03_11-09_30_40-407.png;roi0;
C:\anomalydino_data_single_object_normalmap\normalmap\test\bad\2D\2026_03_11-09_30_47-942.png;roi0;
C:\anomalydino_data_single_object_normalmap\normalmap\test\bad\2D\2026_03_11-09_30_47-942.png;roi1;
C:\anomalydino_data_single_object_normalmap\normalmap\test\bad\2D\2026_03_11-09_30_55-539.png;roi0;
C:\anomalydino_data_single_object_normalmap\normalmap\test\bad\2D\2026_03_11-09_30_55-539.png;roi1;
C:\anomalydino_data_single_object_normalmap\normalmap\test\bad\2D\2026_03_11-09_31_03-065.png;roi0;
C:\anomalydino_data_single_object_normalmap\normalmap\test\bad\2D\2026_03_11-09_31_03-065.png;roi1;
C:\anomalydino_data_single_object_normalmap\normalmap\test\bad\2D\2026_03_11-09_31_03-065.png;roi2;
C:\anomalydino_data_single_object_normalmap\normalmap\test\bad\2D\2026_03_11-09_31_03-065.png;roi3;
C:\anomalydino_data_single_object_normalmap\normalmap\test\bad\2D\2026_03_11-09_31_03-065.png;roi4;
C:\anomalydino_data_single_object_normalmap\normalmap\test\bad\2D\2026_03_11-09_31_03-065.png;roi5;
C:\anomalydino_data_single_object_normalmap\normalmap\test\bad\2D\2026_03_11-09_31_10-416.png;roi0;
C:\anomalydino_data_single_object_normalmap\normalmap\test\bad\2D\2026_03_11-09_31_10-416.png;roi1;
C:\anomalydino_data_single_object_normalmap\normalmap\test\bad\2D\2026_03_11-09_31_10-416.png;roi2;
C:\anomalydino_data_single_object_normalmap\normalmap\test\bad\2D\2026_03_11-09_31_10-416.png;roi3;
C:\anomalydino_data_single_object_normalmap\normalmap\test\bad\2D\2026_03_11-09_31_10-416.png;roi4;
C:\anomalydino_data_single_object_normalmap\normalmap\test\bad\2D\2026_03_11-09_31_10-416.png;roi5;
C:\anomalydino_data_single_object_normalmap\normalmap\test\bad\2D\2026_03_11-09_31_10-416.png;roi6;
C:\anomalydino_data_single_object_normalmap\normalmap\test\bad\2D\2026_03_11-09_31_16-912.png;roi0;
C:\anomalydino_data_single_object_normalmap\normalmap\test\bad\2D\2026_03_11-09_31_16-912.png;roi1;
C:\anomalydino_data_single_object_normalmap\normalmap\test\bad\2D\2026_03_19-08_21_08-081.png;roi0;
C:\anomalydino_data_single_object_normalmap\normalmap\test\bad\2D\2026_03_19-08_21_08-081.png;roi1;
C:\anomalydino_data_single_object_normalmap\normalmap\test\bad\2D\2026_03_19-08_21_08-081.png;roi2;
C:\anomalydino_data_single_object_normalmap\normalmap\test\bad\2D\2026_03_19-08_21_08-081.png;roi3;
C:\anomalydino_data_single_object_normalmap\normalmap\test\bad\2D\2026_03_19-08_21_49-234.png;roi0;
C:\anomalydino_data_single_object_normalmap\normalmap\test\bad\2D\2026_03_19-08_22_22-999.png;roi0;
C:\anomalydino_data_single_object_normalmap\normalmap\test\bad\2D\2026_03_19-08_22_22-999.png;roi1;
C:\anomalydino_data_single_object_normalmap\normalmap\test\bad\2D\2026_03_19-08_22_22-999.png;roi2;
C:\anomalydino_data_single_object_normalmap\normalmap\test\bad\2D\2026_03_19-08_22_36-518.png;roi0;
C:\anomalydino_data_single_object_normalmap\normalmap\test\bad\2D\2026_03_19-08_22_36-518.png;roi1;
C:\anomalydino_data_single_object_normalmap\normalmap\test\bad\2D\2026_03_19-08_22_36-518.png;roi2;
C:\anomalydino_data_single_object_normalmap\normalmap\test\bad\2D\2026_03_19-08_22_36-518.png;roi3;
C:\anomalydino_data_single_object_normalmap\normalmap\test\bad\2D\2026_03_19-08_23_16-089.png;roi0;
C:\anomalydino_data_single_object_normalmap\normalmap\test\bad\2D\2026_03_19-08_23_16-089.png;roi1;
C:\anomalydino_data_single_object_normalmap\normalmap\test\bad\2D\2026_03_19-08_23_16-089.png;roi2;
C:\anomalydino_data_single_object_normalmap\normalmap\test\bad\2D\2026_03_19-08_23_42-255.png;roi0;
C:\anomalydino_data_single_object_normalmap\normalmap\test\bad\2D\2026_03_19-08_24_29-031.png;roi0;
C:\anomalydino_data_single_object_normalmap\normalmap\test\bad\2D\2026_03_19-08_24_29-031.png;roi1;
C:\anomalydino_data_single_object_normalmap\normalmap\test\bad\2D\2026_03_19-08_24_42-263.png;roi0;
C:\anomalydino_data_single_object_normalmap\normalmap\test\bad\2D\2026_03_19-08_24_42-263.png;roi1;
C:\anomalydino_data_single_object_normalmap\normalmap\test\bad\2D\2026_03_19-08_25_09-540.png;roi0;
C:\anomalydino_data_single_object_normalmap\normalmap\test\bad\2D\2026_03_19-08_26_23-785.png;roi0;
C:\anomalydino_data_single_object_normalmap\normalmap\test\bad\2D\2026_03_19-08_26_23-785.png;roi1;
C:\anomalydino_data_single_object_normalmap\normalmap\test\bad\2D\2026_03_19-08_26_44-376.png;roi0;
C:\anomalydino_data_single_object_normalmap\normalmap\test\bad\2D\2026_03_19-08_26_44-376.png;roi1;
C:\anomalydino_data_single_object_normalmap\normalmap\test\bad\2D\2026_03_19-08_27_11-609.png;roi0;
C:\anomalydino_data_single_object_normalmap\normalmap\test\bad\2D\2026_03_19-08_27_11-609.png;roi1;
C:\anomalydino_data_single_object_normalmap\normalmap\test\bad\2D\2026_03_19-08_27_11-609.png;roi2;
C:\anomalydino_data_single_object_normalmap\normalmap\test\bad\2D\2026_03_19-08_27_11-609.png;roi3;
C:\anomalydino_data_single_object_normalmap\normalmap\test\bad\2D\2026_03_19-08_27_18-621.png;roi0;
C:\anomalydino_data_single_object_normalmap\normalmap\test\bad\2D\2026_03_19-08_27_18-621.png;roi1;
C:\anomalydino_data_single_object_normalmap\normalmap\test\bad\2D\2026_03_19-08_28_07-427.png;roi0;
C:\anomalydino_data_single_object_normalmap\normalmap\test\bad\2D\2026_03_19-08_28_07-427.png;roi1;
C:\anomalydino_data_single_object_normalmap\normalmap\test\bad\2D\2026_03_19-08_28_34-533.png;roi0;
C:\anomalydino_data_single_object_normalmap\normalmap\test\bad\2D\2026_03_19-08_28_34-533.png;roi1;
C:\anomalydino_data_single_object_normalmap\normalmap\test\bad\2D\2026_03_19-08_28_34-533.png;roi2;
C:\anomalydino_data_single_object_normalmap\normalmap\test\bad\2D\2026_03_19-08_28_47-501.png;roi0;
C:\anomalydino_data_single_object_normalmap\normalmap\test\bad\2D\2026_03_19-08_28_47-501.png;roi1;
C:\anomalydino_data_single_object_normalmap\normalmap\test\bad\2D\2026_03_19-08_28_47-501.png;roi2;
C:\anomalydino_data_single_object_normalmap\normalmap\test\bad\2D\2026_03_19-08_59_26-955.png;roi0;
C:\anomalydino_data_single_object_normalmap\normalmap\test\bad\2D\2026_03_19-08_59_39-956.png;roi0;
C:\anomalydino_data_single_object_normalmap\normalmap\test\bad\2D\2026_03_19-08_59_39-956.png;roi1;
C:\anomalydino_data_single_object_normalmap\normalmap\test\bad\2D\2026_03_19-08_59_39-956.png;roi2;
C:\anomalydino_data_single_object_normalmap\normalmap\test\bad\2D\2026_03_19-09_01_33-111.png;roi0;
C:\anomalydino_data_single_object_normalmap\normalmap\test\bad\2D\2026_03_19-09_02_21-753.png;roi0;
C:\anomalydino_data_single_object_normalmap\normalmap\test\bad\2D\2026_03_19-09_03_02-563.png;roi0;
C:\anomalydino_data_single_object_normalmap\normalmap\test\bad\2D\2026_03_19-09_03_02-563.png;roi1;
C:\anomalydino_data_single_object_normalmap\normalmap\test\bad\2D\2026_03_19-09_03_02-563.png;roi2;
C:\anomalydino_data_single_object_normalmap\normalmap\test\bad\2D\2026_03_19-09_03_02-563.png;roi3;
C:\anomalydino_data_single_object_normalmap\normalmap\test\bad\2D\2026_03_19-09_03_02-563.png;roi4;
C:\anomalydino_data_single_object_normalmap\normalmap\test\bad\2D\2026_03_19-09_03_09-129.png;roi0;
C:\anomalydino_data_single_object_normalmap\normalmap\test\bad\2D\2026_03_19-09_03_09-129.png;roi1;
C:\anomalydino_data_single_object_normalmap\normalmap\test\bad\2D\2026_03_19-09_04_09-540.png;roi0;
C:\anomalydino_data_single_object_normalmap\normalmap\test\bad\2D\2026_03_19-09_04_09-540.png;roi1;
C:\anomalydino_data_single_object_normalmap\normalmap\test\bad\2D\2026_03_19-09_04_44-874.png;roi0;
C:\anomalydino_data_single_object_normalmap\normalmap\test\bad\2D\2026_03_19-09_04_44-874.png;roi1;
C:\anomalydino_data_single_object_normalmap\normalmap\test\bad\2D\2026_03_19-09_04_44-874.png;roi2;
C:\anomalydino_data_single_object_normalmap\normalmap\test\bad\2D\2026_03_19-09_04_44-874.png;roi3;
C:\anomalydino_data_single_object_normalmap\normalmap\test\bad\2D\2026_03_19-09_05_05-522.png;roi0;
C:\anomalydino_data_single_object_normalmap\normalmap\test\bad\2D\2026_03_19-09_05_05-522.png;roi1;
C:\anomalydino_data_single_object_normalmap\normalmap\test\bad\2D\2026_03_19-09_05_05-522.png;roi2;
C:\anomalydino_data_single_object_normalmap\normalmap\test\bad\2D\2026_03_19-09_05_19-490.png;roi0;
C:\anomalydino_data_single_object_normalmap\normalmap\test\bad\2D\2026_03_19-09_05_41-194.png;roi0;
C:\anomalydino_data_single_object_normalmap\normalmap\test\bad\2D\2026_03_19-09_05_41-194.png;roi1;
C:\anomalydino_data_single_object_normalmap\normalmap\test\bad\2D\2026_03_19-09_05_48-490.png;roi0;
C:\anomalydino_data_single_object_normalmap\normalmap\test\bad\2D\2026_03_19-09_05_55-285.png;roi0;
C:\anomalydino_data_single_object_normalmap\normalmap\test\bad\2D\2026_03_19-09_05_55-285.png;roi1;
C:\anomalydino_data_single_object_normalmap\normalmap\test\bad\2D\2026_03_19-09_05_55-285.png;roi2;
C:\anomalydino_data_single_object_normalmap\normalmap\test\bad\2D\2026_03_19-09_06_01-751.png;roi0;
C:\anomalydino_data_single_object_normalmap\normalmap\test\bad\2D\2026_03_19-09_06_01-751.png;roi1;
C:\anomalydino_data_single_object_normalmap\normalmap\test\bad\2D\2026_03_19-09_06_08-271.png;roi0;
C:\anomalydino_data_single_object_normalmap\normalmap\test\bad\2D\2026_03_19-09_06_15-177.png;roi0;
C:\anomalydino_data_single_object_normalmap\normalmap\test\bad\2D\2026_03_19-09_06_15-177.png;roi1;
C:\anomalydino_data_single_object_normalmap\normalmap\test\bad\2D\2026_03_19-09_06_15-177.png;roi2;
C:\anomalydino_data_single_object_normalmap\normalmap\test\bad\2D\2026_03_19-09_06_15-177.png;roi3;
C:\anomalydino_data_single_object_normalmap\normalmap\test\bad\2D\2026_03_19-09_06_15-177.png;roi4;
C:\anomalydino_data_single_object_normalmap\normalmap\test\bad\2D\2026_03_19-09_06_22-312.png;roi0;
C:\anomalydino_data_single_object_normalmap\normalmap\test\bad\3D\2026_03_11-09_24_44-457.png;roi0;
C:\anomalydino_data_single_object_normalmap\normalmap\test\bad\3D\2026_03_11-09_24_44-457.png;roi1;
C:\anomalydino_data_single_object_normalmap\normalmap\test\bad\3D\2026_03_11-09_24_44-457.png;roi2;
C:\anomalydino_data_single_object_normalmap\normalmap\test\bad\3D\2026_03_11-09_28_52-010.png;roi0;
C:\anomalydino_data_single_object_normalmap\normalmap\test\bad\3D\2026_03_11-09_28_52-010.png;roi1;
C:\anomalydino_data_single_object_normalmap\normalmap\test\bad\3D\2026_03_11-09_28_52-010.png;roi2;
C:\anomalydino_data_single_object_normalmap\normalmap\test\bad\3D\2026_03_11-09_28_52-010.png;roi3;
C:\anomalydino_data_single_object_normalmap\normalmap\test\bad\3D\2026_03_11-09_28_52-010.png;roi4;
C:\anomalydino_data_single_object_normalmap\normalmap\test\bad\3D\2026_03_11-09_28_52-010.png;roi5;
C:\anomalydino_data_single_object_normalmap\normalmap\test\bad\3D\2026_03_19-08_19_55-515.png;roi0;
C:\anomalydino_data_single_object_normalmap\normalmap\test\bad\3D\2026_03_19-08_20_35-297.png;roi0;
C:\anomalydino_data_single_object_normalmap\normalmap\test\bad\3D\2026_03_19-08_22_09-887.png;roi0;
C:\anomalydino_data_single_object_normalmap\normalmap\test\bad\3D\2026_03_19-08_22_09-887.png;roi1;
C:\anomalydino_data_single_object_normalmap\normalmap\test\bad\3D\2026_03_19-08_22_49-784.png;roi0;
C:\anomalydino_data_single_object_normalmap\normalmap\test\bad\3D\2026_03_19-08_22_49-784.png;roi1;
C:\anomalydino_data_single_object_normalmap\normalmap\test\bad\3D\2026_03_19-08_27_05-079.png;roi0;
C:\anomalydino_data_single_object_normalmap\normalmap\test\bad\3D\2026_03_19-08_27_05-079.png;roi1;
C:\anomalydino_data_single_object_normalmap\normalmap\test\bad\3D\2026_03_19-08_27_05-079.png;roi2;
C:\anomalydino_data_single_object_normalmap\normalmap\test\bad\3D\2026_03_19-08_59_13-986.png;roi0;
C:\anomalydino_data_single_object_normalmap\normalmap\test\bad\3D\2026_03_19-09_01_18-723.png;roi0;
C:\anomalydino_data_single_object_normalmap\normalmap\test\bad\3D\2026_03_19-09_01_54-313.png;roi0;
C:\anomalydino_data_single_object_normalmap\normalmap\test\bad\3D\2026_03_19-09_01_54-313.png;roi1;
C:\anomalydino_data_single_object_normalmap\normalmap\test\bad\3D\2026_03_19-09_01_54-313.png;roi2;
C:\anomalydino_data_single_object_normalmap\normalmap\test\bad\3D\2026_03_19-09_06_35-404.png;roi0;
C:\anomalydino_data_single_object_normalmap\normalmap\test\bad\3D\2026_03_19-09_06_35-404.png;roi1;
C:\anomalydino_data_single_object_normalmap\normalmap\test\bad\3D\2026_03_19-09_06_56-107.png;roi0;
C:\anomalydino_data_single_object_normalmap\normalmap\test\bad\3D\2026_03_19-09_06_56-107.png;roi1;
C:\anomalydino_data_single_object_normalmap\normalmap\test\bad\3D\2026_03_19-09_06_56-107.png;roi2;
C:\anomalydino_data_single_object_normalmap\normalmap\test\bad\3D\2026_03_19-09_06_56-107.png;roi3;
